Score	#CSMs	Scan_no(MS3a1:MS3a2:MS3b1:MS3b2,MS2)	XL MH+	z	XL m/z	Peptide A	Protein_A id	Protein_a description	Peptide_B	Protein_B id	Protein_b description	Remarks	Fraction
41.98	3	11742:11743,11740	3801.808565	4	951.20801	kQQQEPTGEPSPK	P52926	High mobility group protein HMGI-C OS=Homo sapiens OX=9606 GN=HMGA2 PE=1 SV=1|sp|P52926|HMGA2_HUMAN High mobility group protein HMGI-C OS=Homo sapiens OX=9606 GN=HMGA2 PE=1 SV=1|sp|P52926|HMGA2_HUMAN High mobility group protein HMGI-C OS=Homo sapiens OX=9606 GN=HMGA2 PE=1 SV=1	GEGAGQPSTSAQGQPAAPAPQkR	P52926	High mobility group protein HMGI-C OS=Homo sapiens OX=9606 GN=HMGA2 PE=1 SV=1|sp|P52926|HMGA2_HUMAN High mobility group protein HMGI-C OS=Homo sapiens OX=9606 GN=HMGA2 PE=1 SV=1|sp|P52926|HMGA2_HUMAN High mobility group protein HMGI-C OS=Homo sapiens OX=9606 GN=HMGA2 PE=1 SV=1
40.98	2	7255:7256,7253	2778.209205	4	695.30817	SGFNSkSGQR	P07910	Heterogeneous nuclear ribonucleoproteins C1/C2 OS=Homo sapiens OX=9606 GN=HNRNPC PE=1 SV=4|sp|P07910|HNRPC_HUMAN Heterogeneous nuclear ribonucleoproteins C1/C2 OS=Homo sapiens OX=9606 GN=HNRNPC PE=1 SV=4|sp|P07910|HNRPC_HUMAN Heterogeneous nuclear ribonucleoproteins C1/C2 OS=Homo sapiens OX=9606 GN=HNRNPC PE=1 SV=4	NDkSEEEQSSSSVK	P07910	Heterogeneous nuclear ribonucleoproteins C1/C2 OS=Homo sapiens OX=9606 GN=HNRNPC PE=1 SV=4|sp|P07910|HNRPC_HUMAN Heterogeneous nuclear ribonucleoproteins C1/C2 OS=Homo sapiens OX=9606 GN=HNRNPC PE=1 SV=4|sp|P07910|HNRPC_HUMAN Heterogeneous nuclear ribonucleoproteins C1/C2 OS=Homo sapiens OX=9606 GN=HNRNPC PE=1 SV=4
40.98	2	7832:7833,7830	2502.146925	4	626.2926	AmkQVAGTmK	P25705	ATP synthase subunit alpha, mitochondrial OS=Homo sapiens OX=9606 GN=ATP5F1A PE=1 SV=1|sp|P25705|ATPA_HUMAN ATP synthase subunit alpha, mitochondrial OS=Homo sapiens OX=9606 GN=ATP5F1A PE=1 SV=1|sp|P25705|ATPA_HUMAN ATP synthase subunit alpha, mitochondrial OS=Homo sapiens OX=9606 GN=ATP5F1A PE=1 SV=1	ADGkISEQSDAK	P25705	ATP synthase subunit alpha, mitochondrial OS=Homo sapiens OX=9606 GN=ATP5F1A PE=1 SV=1|sp|P25705|ATPA_HUMAN ATP synthase subunit alpha, mitochondrial OS=Homo sapiens OX=9606 GN=ATP5F1A PE=1 SV=1|sp|P25705|ATPA_HUMAN ATP synthase subunit alpha, mitochondrial OS=Homo sapiens OX=9606 GN=ATP5F1A PE=1 SV=1
40.98	2	16106:16107,16102	2436.199445	4	609.80573	TPkGPSSVEDIK	P06748	Nucleophosmin OS=Homo sapiens OX=9606 GN=NPM1 PE=1 SV=2|sp|P06748|NPM_HUMAN Nucleophosmin OS=Homo sapiens OX=9606 GN=NPM1 PE=1 SV=2|sp|P06748|NPM_HUMAN Nucleophosmin OS=Homo sapiens OX=9606 GN=NPM1 PE=1 SV=2	AkmQASIEK	P06748	Nucleophosmin OS=Homo sapiens OX=9606 GN=NPM1 PE=1 SV=2|sp|P06748|NPM_HUMAN Nucleophosmin OS=Homo sapiens OX=9606 GN=NPM1 PE=1 SV=2|sp|P06748|NPM_HUMAN Nucleophosmin OS=Homo sapiens OX=9606 GN=NPM1 PE=1 SV=2
40.98	2	27499:27500,27497	3690.815645	4	923.45978	VEkQVNDAVSK	P51649	Succinate-semialdehyde dehydrogenase, mitochondrial OS=Homo sapiens OX=9606 GN=ALDH5A1 PE=1 SV=2|sp|P51649|SSDH_HUMAN Succinate-semialdehyde dehydrogenase, mitochondrial OS=Homo sapiens OX=9606 GN=ALDH5A1 PE=1 SV=2|sp|P51649|SSDH_HUMAN Succinate-semialdehyde dehydrogenase, mitochondrial OS=Homo sapiens OX=9606 GN=ALDH5A1 PE=1 SV=2	VGNGFEEGTTQGPLINEkAVEK	P51649	Succinate-semialdehyde dehydrogenase, mitochondrial OS=Homo sapiens OX=9606 GN=ALDH5A1 PE=1 SV=2|sp|P51649|SSDH_HUMAN Succinate-semialdehyde dehydrogenase, mitochondrial OS=Homo sapiens OX=9606 GN=ALDH5A1 PE=1 SV=2|sp|P51649|SSDH_HUMAN Succinate-semialdehyde dehydrogenase, mitochondrial OS=Homo sapiens OX=9606 GN=ALDH5A1 PE=1 SV=2
40.98	2	47359:47360,47357	3579.777045	4	895.70013	TkEQILEEFSK	O60506	Heterogeneous nuclear ribonucleoprotein Q OS=Homo sapiens OX=9606 GN=SYNCRIP PE=1 SV=2|sp|O60506|HNRPQ_HUMAN Heterogeneous nuclear ribonucleoprotein Q OS=Homo sapiens OX=9606 GN=SYNCRIP PE=1 SV=2|sp|O60506|HNRPQ_HUMAN Heterogeneous nuclear ribonucleoprotein Q OS=Homo sapiens OX=9606 GN=SYNCRIP PE=1 SV=2	VTEGLTDVILYHQPDDkK	O60506	Heterogeneous nuclear ribonucleoprotein Q OS=Homo sapiens OX=9606 GN=SYNCRIP PE=1 SV=2|sp|O60506|HNRPQ_HUMAN Heterogeneous nuclear ribonucleoprotein Q OS=Homo sapiens OX=9606 GN=SYNCRIP PE=1 SV=2|sp|O60506|HNRPQ_HUMAN Heterogeneous nuclear ribonucleoprotein Q OS=Homo sapiens OX=9606 GN=SYNCRIP PE=1 SV=2
40.98	2	53013:53014,53009	3143.723125	4	786.68665	ASGPPVSELITkAVAASK	P16402;P10412;P16403	Histone H1.3 OS=Homo sapiens OX=9606 GN=H1-3 PE=1 SV=2|sp|P16402|H13_HUMAN Histone H1.3 OS=Homo sapiens OX=9606 GN=H1-3 PE=1 SV=2|sp|P16402|H13_HUMAN Histone H1.3 OS=Homo sapiens OX=9606 GN=H1-3 PE=1 SV=2;Histone H1.4 OS=Homo sapiens OX=9606 GN=H1-4 PE=1 SV=2|sp|P10412|H14_HUMAN Histone H1.4 OS=Homo sapiens OX=9606 GN=H1-4 PE=1 SV=2|sp|P10412|H14_HUMAN Histone H1.4 OS=Homo sapiens OX=9606 GN=H1-4 PE=1 SV=2;Histone H1.2 OS=Homo sapiens OX=9606 GN=H1-2 PE=1 SV=2|sp|P16403|H12_HUMAN Histone H1.2 OS=Homo sapiens OX=9606 GN=H1-2 PE=1 SV=2|sp|P16403|H12_HUMAN Histone H1.2 OS=Homo sapiens OX=9606 GN=H1-2 PE=1 SV=2	SLVSkGTLVQTK	P16401;P16402;P10412;P16403;Q02539	Histone H1.5 OS=Homo sapiens OX=9606 GN=H1-5 PE=1 SV=3|sp|P16401|H15_HUMAN Histone H1.5 OS=Homo sapiens OX=9606 GN=H1-5 PE=1 SV=3|sp|P16401|H15_HUMAN Histone H1.5 OS=Homo sapiens OX=9606 GN=H1-5 PE=1 SV=3;Histone H1.3 OS=Homo sapiens OX=9606 GN=H1-3 PE=1 SV=2|sp|P16402|H13_HUMAN Histone H1.3 OS=Homo sapiens OX=9606 GN=H1-3 PE=1 SV=2|sp|P16402|H13_HUMAN Histone H1.3 OS=Homo sapiens OX=9606 GN=H1-3 PE=1 SV=2;Histone H1.4 OS=Homo sapiens OX=9606 GN=H1-4 PE=1 SV=2|sp|P10412|H14_HUMAN Histone H1.4 OS=Homo sapiens OX=9606 GN=H1-4 PE=1 SV=2|sp|P10412|H14_HUMAN Histone H1.4 OS=Homo sapiens OX=9606 GN=H1-4 PE=1 SV=2;Histone H1.2 OS=Homo sapiens OX=9606 GN=H1-2 PE=1 SV=2|sp|P16403|H12_HUMAN Histone H1.2 OS=Homo sapiens OX=9606 GN=H1-2 PE=1 SV=2|sp|P16403|H12_HUMAN Histone H1.2 OS=Homo sapiens OX=9606 GN=H1-2 PE=1 SV=2;Histone H1.1 OS=Homo sapiens OX=9606 GN=H1-1 PE=1 SV=3|sp|Q02539|H11_HUMAN Histone H1.1 OS=Homo sapiens OX=9606 GN=H1-1 PE=1 SV=3|sp|Q02539|H11_HUMAN Histone H1.1 OS=Homo sapiens OX=9606 GN=H1-1 PE=1 SV=3
40.96	2	19039:19040,19037	2562.297085	4	641.33014	ALkEAVK	Q07065	Cytoskeleton-associated protein 4 OS=Homo sapiens OX=9606 GN=CKAP4 PE=1 SV=2|sp|Q07065|CKAP4_HUMAN Cytoskeleton-associated protein 4 OS=Homo sapiens OX=9606 GN=CKAP4 PE=1 SV=2|sp|Q07065|CKAP4_HUMAN Cytoskeleton-associated protein 4 OS=Homo sapiens OX=9606 GN=CKAP4 PE=1 SV=2	VASLEESEGNkQDLK	Q07065	Cytoskeleton-associated protein 4 OS=Homo sapiens OX=9606 GN=CKAP4 PE=1 SV=2|sp|Q07065|CKAP4_HUMAN Cytoskeleton-associated protein 4 OS=Homo sapiens OX=9606 GN=CKAP4 PE=1 SV=2|sp|Q07065|CKAP4_HUMAN Cytoskeleton-associated protein 4 OS=Homo sapiens OX=9606 GN=CKAP4 PE=1 SV=2
40.96	2	26922:26923,26918	2998.530005	4	750.38837	NPELPNAAQAQkEEQLK	O60264	SWI/SNF-related matrix-associated actin-dependent regulator of chromatin subfamily A member 5 OS=Homo sapiens OX=9606 GN=SMARCA5 PE=1 SV=1|sp|O60264|SMCA5_HUMAN SWI/SNF-related matrix-associated actin-dependent regulator of chromatin subfamily A member 5 OS=Homo sapiens OX=9606 GN=SMARCA5 PE=1 SV=1|sp|O60264|SMCA5_HUMAN SWI/SNF-related matrix-associated actin-dependent regulator of chromatin subfamily A member 5 OS=Homo sapiens OX=9606 GN=SMARCA5 PE=1 SV=1	TIGYkVPR	O60264;P28370	SWI/SNF-related matrix-associated actin-dependent regulator of chromatin subfamily A member 5 OS=Homo sapiens OX=9606 GN=SMARCA5 PE=1 SV=1|sp|O60264|SMCA5_HUMAN SWI/SNF-related matrix-associated actin-dependent regulator of chromatin subfamily A member 5 OS=Homo sapiens OX=9606 GN=SMARCA5 PE=1 SV=1|sp|O60264|SMCA5_HUMAN SWI/SNF-related matrix-associated actin-dependent regulator of chromatin subfamily A member 5 OS=Homo sapiens OX=9606 GN=SMARCA5 PE=1 SV=1;Probable global transcription activator SNF2L1 OS=Homo sapiens OX=9606 GN=SMARCA1 PE=1 SV=2|sp|P28370|SMCA1_HUMAN Probable global transcription activator SNF2L1 OS=Homo sapiens OX=9606 GN=SMARCA1 PE=1 SV=2|sp|P28370|SMCA1_HUMAN Probable global transcription activator SNF2L1 OS=Homo sapiens OX=9606 GN=SMARCA1 PE=1 SV=2
40.96	2	37144:37145,37142	2854.429645	4	714.36328	DAkLYSNR	P31948	Stress-induced-phosphoprotein 1 OS=Homo sapiens OX=9606 GN=STIP1 PE=1 SV=1|sp|P31948|STIP1_HUMAN Stress-induced-phosphoprotein 1 OS=Homo sapiens OX=9606 GN=STIP1 PE=1 SV=1|sp|P31948|STIP1_HUMAN Stress-induced-phosphoprotein 1 OS=Homo sapiens OX=9606 GN=STIP1 PE=1 SV=1	LAYINPDLALEEkNK	P31948	Stress-induced-phosphoprotein 1 OS=Homo sapiens OX=9606 GN=STIP1 PE=1 SV=1|sp|P31948|STIP1_HUMAN Stress-induced-phosphoprotein 1 OS=Homo sapiens OX=9606 GN=STIP1 PE=1 SV=1|sp|P31948|STIP1_HUMAN Stress-induced-phosphoprotein 1 OS=Homo sapiens OX=9606 GN=STIP1 PE=1 SV=1
40.94	2	33981:33982,33979	2657.464805	4	665.12207	kVLIQTK	Q12931	Heat shock protein 75 kDa, mitochondrial OS=Homo sapiens OX=9606 GN=TRAP1 PE=1 SV=3|sp|Q12931|TRAP1_HUMAN Heat shock protein 75 kDa, mitochondrial OS=Homo sapiens OX=9606 GN=TRAP1 PE=1 SV=3|sp|Q12931|TRAP1_HUMAN Heat shock protein 75 kDa, mitochondrial OS=Homo sapiens OX=9606 GN=TRAP1 PE=1 SV=3	QATkDAGQISGLNVLR	P38646	Stress-70 protein, mitochondrial OS=Homo sapiens OX=9606 GN=HSPA9 PE=1 SV=2|sp|P38646|GRP75_HUMAN Stress-70 protein, mitochondrial OS=Homo sapiens OX=9606 GN=HSPA9 PE=1 SV=2|sp|P38646|GRP75_HUMAN Stress-70 protein, mitochondrial OS=Homo sapiens OX=9606 GN=HSPA9 PE=1 SV=2
40.94	2	34007:34008,34003	2115.243845	4	529.56683	kGVITVK	P10809	60 kDa heat shock protein, mitochondrial OS=Homo sapiens OX=9606 GN=HSPD1 PE=1 SV=2|sp|P10809|CH60_HUMAN 60 kDa heat shock protein, mitochondrial OS=Homo sapiens OX=9606 GN=HSPD1 PE=1 SV=2|sp|P10809|CH60_HUMAN 60 kDa heat shock protein, mitochondrial OS=Homo sapiens OX=9606 GN=HSPD1 PE=1 SV=2	LAkLSDGVAVLK	P10809	60 kDa heat shock protein, mitochondrial OS=Homo sapiens OX=9606 GN=HSPD1 PE=1 SV=2|sp|P10809|CH60_HUMAN 60 kDa heat shock protein, mitochondrial OS=Homo sapiens OX=9606 GN=HSPD1 PE=1 SV=2|sp|P10809|CH60_HUMAN 60 kDa heat shock protein, mitochondrial OS=Homo sapiens OX=9606 GN=HSPD1 PE=1 SV=2
40.94	2	17306:17307,17302	2554.224805	4	639.31207	TSmSkmFVK	P16615	Sarcoplasmic/endoplasmic reticulum calcium ATPase 2 OS=Homo sapiens OX=9606 GN=ATP2A2 PE=1 SV=1|sp|P16615|AT2A2_HUMAN Sarcoplasmic/endoplasmic reticulum calcium ATPase 2 OS=Homo sapiens OX=9606 GN=ATP2A2 PE=1 SV=1|sp|P16615|AT2A2_HUMAN Sarcoplasmic/endoplasmic reticulum calcium ATPase 2 OS=Homo sapiens OX=9606 GN=ATP2A2 PE=1 SV=1	VGSTkVPmTSGVK	P16615	Sarcoplasmic/endoplasmic reticulum calcium ATPase 2 OS=Homo sapiens OX=9606 GN=ATP2A2 PE=1 SV=1|sp|P16615|AT2A2_HUMAN Sarcoplasmic/endoplasmic reticulum calcium ATPase 2 OS=Homo sapiens OX=9606 GN=ATP2A2 PE=1 SV=1|sp|P16615|AT2A2_HUMAN Sarcoplasmic/endoplasmic reticulum calcium ATPase 2 OS=Homo sapiens OX=9606 GN=ATP2A2 PE=1 SV=1
40.87	2	20719:20720,20715	2806.295845	4	702.32983	AcSkQTLSSLK	Q8NFW8	N-acylneuraminate cytidylyltransferase OS=Homo sapiens OX=9606 GN=CMAS PE=1 SV=2|sp|Q8NFW8|NEUA_HUMAN N-acylneuraminate cytidylyltransferase OS=Homo sapiens OX=9606 GN=CMAS PE=1 SV=2|sp|Q8NFW8|NEUA_HUMAN N-acylneuraminate cytidylyltransferase OS=Homo sapiens OX=9606 GN=CMAS PE=1 SV=2	LDckmEVSVSDK	Q8NFW8	N-acylneuraminate cytidylyltransferase OS=Homo sapiens OX=9606 GN=CMAS PE=1 SV=2|sp|Q8NFW8|NEUA_HUMAN N-acylneuraminate cytidylyltransferase OS=Homo sapiens OX=9606 GN=CMAS PE=1 SV=2|sp|Q8NFW8|NEUA_HUMAN N-acylneuraminate cytidylyltransferase OS=Homo sapiens OX=9606 GN=CMAS PE=1 SV=2
40.83	2	37013:37014,37011	3579.811245	4	895.70868	STmkPVQK	P11021	Endoplasmic reticulum chaperone BiP OS=Homo sapiens OX=9606 GN=HSPA5 PE=1 SV=2|sp|P11021|BIP_HUMAN Endoplasmic reticulum chaperone BiP OS=Homo sapiens OX=9606 GN=HSPA5 PE=1 SV=2|sp|P11021|BIP_HUMAN Endoplasmic reticulum chaperone BiP OS=Homo sapiens OX=9606 GN=HSPA5 PE=1 SV=2	VLEDSDLKkSDIDEIVLVGGSTR	P11021	Endoplasmic reticulum chaperone BiP OS=Homo sapiens OX=9606 GN=HSPA5 PE=1 SV=2|sp|P11021|BIP_HUMAN Endoplasmic reticulum chaperone BiP OS=Homo sapiens OX=9606 GN=HSPA5 PE=1 SV=2|sp|P11021|BIP_HUMAN Endoplasmic reticulum chaperone BiP OS=Homo sapiens OX=9606 GN=HSPA5 PE=1 SV=2
39.98	1	6887:6888,6886	2272.0717250000002	4	568.7738	kmQEEEAR	Q14160	Protein scribble homolog OS=Homo sapiens OX=9606 GN=SCRIB PE=1 SV=4|sp|Q14160|SCRIB_HUMAN Protein scribble homolog OS=Homo sapiens OX=9606 GN=SCRIB PE=1 SV=4|sp|Q14160|SCRIB_HUMAN Protein scribble homolog OS=Homo sapiens OX=9606 GN=SCRIB PE=1 SV=4	VPQAEGPPkR	Q14160	Protein scribble homolog OS=Homo sapiens OX=9606 GN=SCRIB PE=1 SV=4|sp|Q14160|SCRIB_HUMAN Protein scribble homolog OS=Homo sapiens OX=9606 GN=SCRIB PE=1 SV=4|sp|Q14160|SCRIB_HUMAN Protein scribble homolog OS=Homo sapiens OX=9606 GN=SCRIB PE=1 SV=4
39.98	1	15435:15436,15431	1966.0396449999998	4	492.26578	kAYGQALAK	P29401	Transketolase OS=Homo sapiens OX=9606 GN=TKT PE=1 SV=3|sp|P29401|TKT_HUMAN Transketolase OS=Homo sapiens OX=9606 GN=TKT PE=1 SV=3|sp|P29401|TKT_HUMAN Transketolase OS=Homo sapiens OX=9606 GN=TKT PE=1 SV=3	VGDkIATR	P29401	Transketolase OS=Homo sapiens OX=9606 GN=TKT PE=1 SV=3|sp|P29401|TKT_HUMAN Transketolase OS=Homo sapiens OX=9606 GN=TKT PE=1 SV=3|sp|P29401|TKT_HUMAN Transketolase OS=Homo sapiens OX=9606 GN=TKT PE=1 SV=3
39.98	1	17929:17930,17926	2803.342725	4	701.59155	TQEkATPR	Q9H2U1	ATP-dependent DNA/RNA helicase DHX36 OS=Homo sapiens OX=9606 GN=DHX36 PE=1 SV=2|sp|Q9H2U1|DHX36_HUMAN ATP-dependent DNA/RNA helicase DHX36 OS=Homo sapiens OX=9606 GN=DHX36 PE=1 SV=2|sp|Q9H2U1|DHX36_HUMAN ATP-dependent DNA/RNA helicase DHX36 OS=Homo sapiens OX=9606 GN=DHX36 PE=1 SV=2	DPESNINSDNEkIIK	Q9H2U1	ATP-dependent DNA/RNA helicase DHX36 OS=Homo sapiens OX=9606 GN=DHX36 PE=1 SV=2|sp|Q9H2U1|DHX36_HUMAN ATP-dependent DNA/RNA helicase DHX36 OS=Homo sapiens OX=9606 GN=DHX36 PE=1 SV=2|sp|Q9H2U1|DHX36_HUMAN ATP-dependent DNA/RNA helicase DHX36 OS=Homo sapiens OX=9606 GN=DHX36 PE=1 SV=2
39.98	1	19699:19700,19698	2420.206525	4	605.8075	TPkGPSSVEDIK	P06748	Nucleophosmin OS=Homo sapiens OX=9606 GN=NPM1 PE=1 SV=2|sp|P06748|NPM_HUMAN Nucleophosmin OS=Homo sapiens OX=9606 GN=NPM1 PE=1 SV=2|sp|P06748|NPM_HUMAN Nucleophosmin OS=Homo sapiens OX=9606 GN=NPM1 PE=1 SV=2	AkMQASIEK	P06748	Nucleophosmin OS=Homo sapiens OX=9606 GN=NPM1 PE=1 SV=2|sp|P06748|NPM_HUMAN Nucleophosmin OS=Homo sapiens OX=9606 GN=NPM1 PE=1 SV=2|sp|P06748|NPM_HUMAN Nucleophosmin OS=Homo sapiens OX=9606 GN=NPM1 PE=1 SV=2
39.98	1	20666:20667,20662	2164.090765	4	541.77856	LSkEDIER	P11142	Heat shock cognate 71 kDa protein OS=Homo sapiens OX=9606 GN=HSPA8 PE=1 SV=1|sp|P11142|HSP7C_HUMAN Heat shock cognate 71 kDa protein OS=Homo sapiens OX=9606 GN=HSPA8 PE=1 SV=1|sp|P11142|HSP7C_HUMAN Heat shock cognate 71 kDa protein OS=Homo sapiens OX=9606 GN=HSPA8 PE=1 SV=1	ITITNDkGR	P17066;P54652;P11142;P0DMV9;P34931	Heat shock 70 kDa protein 6 OS=Homo sapiens OX=9606 GN=HSPA6 PE=1 SV=2|sp|P17066|HSP76_HUMAN Heat shock 70 kDa protein 6 OS=Homo sapiens OX=9606 GN=HSPA6 PE=1 SV=2|sp|P17066|HSP76_HUMAN Heat shock 70 kDa protein 6 OS=Homo sapiens OX=9606 GN=HSPA6 PE=1 SV=2;Heat shock-related 70 kDa protein 2 OS=Homo sapiens OX=9606 GN=HSPA2 PE=1 SV=1|sp|P54652|HSP72_HUMAN Heat shock-related 70 kDa protein 2 OS=Homo sapiens OX=9606 GN=HSPA2 PE=1 SV=1|sp|P54652|HSP72_HUMAN Heat shock-related 70 kDa protein 2 OS=Homo sapiens OX=9606 GN=HSPA2 PE=1 SV=1;Heat shock cognate 71 kDa protein OS=Homo sapiens OX=9606 GN=HSPA8 PE=1 SV=1|sp|P11142|HSP7C_HUMAN Heat shock cognate 71 kDa protein OS=Homo sapiens OX=9606 GN=HSPA8 PE=1 SV=1|sp|P11142|HSP7C_HUMAN Heat shock cognate 71 kDa protein OS=Homo sapiens OX=9606 GN=HSPA8 PE=1 SV=1;Heat shock 70 kDa protein 1B OS=Homo sapiens OX=9606 GN=HSPA1B PE=1 SV=1|sp|P0DMV9|HS71B_HUMAN Heat shock 70 kDa protein 1B OS=Homo sapiens OX=9606 GN=HSPA1B PE=1 SV=1|sp|P0DMV9|HS71B_HUMAN Heat shock 70 kDa protein 1B OS=Homo sapiens OX=9606 GN=HSPA1B PE=1 SV=1;Heat shock 70 kDa protein 1-like OS=Homo sapiens OX=9606 GN=HSPA1L PE=1 SV=2|sp|P34931|HS71L_HUMAN Heat shock 70 kDa protein 1-like OS=Homo sapiens OX=9606 GN=HSPA1L PE=1 SV=2|sp|P34931|HS71L_HUMAN Heat shock 70 kDa protein 1-like OS=Homo sapiens OX=9606 GN=HSPA1L PE=1 SV=2
39.98	1	20766:20767,20762	2825.434525	4	707.1145	kIGDTSVSYK	P20700	Lamin-B1 OS=Homo sapiens OX=9606 GN=LMNB1 PE=1 SV=2|sp|P20700|LMNB1_HUMAN Lamin-B1 OS=Homo sapiens OX=9606 GN=LMNB1 PE=1 SV=2|sp|P20700|LMNB1_HUMAN Lamin-B1 OS=Homo sapiens OX=9606 GN=LMNB1 PE=1 SV=2	VILkNSQGEEVAQR	P20700	Lamin-B1 OS=Homo sapiens OX=9606 GN=LMNB1 PE=1 SV=2|sp|P20700|LMNB1_HUMAN Lamin-B1 OS=Homo sapiens OX=9606 GN=LMNB1 PE=1 SV=2|sp|P20700|LMNB1_HUMAN Lamin-B1 OS=Homo sapiens OX=9606 GN=LMNB1 PE=1 SV=2
39.98	1	21781:21782,21778	2649.310005	4	663.08337	GPSSVEDIkAK	P06748	Nucleophosmin OS=Homo sapiens OX=9606 GN=NPM1 PE=1 SV=2|sp|P06748|NPM_HUMAN Nucleophosmin OS=Homo sapiens OX=9606 GN=NPM1 PE=1 SV=2|sp|P06748|NPM_HUMAN Nucleophosmin OS=Homo sapiens OX=9606 GN=NPM1 PE=1 SV=2	mQASIEkGGSLPK	P06748	Nucleophosmin OS=Homo sapiens OX=9606 GN=NPM1 PE=1 SV=2|sp|P06748|NPM_HUMAN Nucleophosmin OS=Homo sapiens OX=9606 GN=NPM1 PE=1 SV=2|sp|P06748|NPM_HUMAN Nucleophosmin OS=Homo sapiens OX=9606 GN=NPM1 PE=1 SV=2
39.98	1	29217:29218,29215	3002.448685	4	751.36804	ISkSDmSR	Q29RF7	Sister chromatid cohesion protein PDS5 homolog A OS=Homo sapiens OX=9606 GN=PDS5A PE=1 SV=1|sp|Q29RF7|PDS5A_HUMAN Sister chromatid cohesion protein PDS5 homolog A OS=Homo sapiens OX=9606 GN=PDS5A PE=1 SV=1|sp|Q29RF7|PDS5A_HUMAN Sister chromatid cohesion protein PDS5 homolog A OS=Homo sapiens OX=9606 GN=PDS5A PE=1 SV=1	LLSAmLVSEGDLTEQkR	Q29RF7	Sister chromatid cohesion protein PDS5 homolog A OS=Homo sapiens OX=9606 GN=PDS5A PE=1 SV=1|sp|Q29RF7|PDS5A_HUMAN Sister chromatid cohesion protein PDS5 homolog A OS=Homo sapiens OX=9606 GN=PDS5A PE=1 SV=1|sp|Q29RF7|PDS5A_HUMAN Sister chromatid cohesion protein PDS5 homolog A OS=Homo sapiens OX=9606 GN=PDS5A PE=1 SV=1
39.98	1	32332:32333,32331	2934.303685	4	734.33179	kLLVGSEDYGR	Q13813	Spectrin alpha chain, non-erythrocytic 1 OS=Homo sapiens OX=9606 GN=SPTAN1 PE=1 SV=3|sp|Q13813|SPTN1_HUMAN Spectrin alpha chain, non-erythrocytic 1 OS=Homo sapiens OX=9606 GN=SPTAN1 PE=1 SV=3|sp|Q13813|SPTN1_HUMAN Spectrin alpha chain, non-erythrocytic 1 OS=Homo sapiens OX=9606 GN=SPTAN1 PE=1 SV=3	DmDDEESWIkEK	Q13813	Spectrin alpha chain, non-erythrocytic 1 OS=Homo sapiens OX=9606 GN=SPTAN1 PE=1 SV=3|sp|Q13813|SPTN1_HUMAN Spectrin alpha chain, non-erythrocytic 1 OS=Homo sapiens OX=9606 GN=SPTAN1 PE=1 SV=3|sp|Q13813|SPTN1_HUMAN Spectrin alpha chain, non-erythrocytic 1 OS=Homo sapiens OX=9606 GN=SPTAN1 PE=1 SV=3
39.98	1	32839:32840,32837	2905.488245	4	727.12793	LLEkcAmTALSSK	Q99832	T-complex protein 1 subunit eta OS=Homo sapiens OX=9606 GN=CCT7 PE=1 SV=2|sp|Q99832|TCPH_HUMAN T-complex protein 1 subunit eta OS=Homo sapiens OX=9606 GN=CCT7 PE=1 SV=2|sp|Q99832|TCPH_HUMAN T-complex protein 1 subunit eta OS=Homo sapiens OX=9606 GN=CCT7 PE=1 SV=2	LISQQkAFFAK	Q99832	T-complex protein 1 subunit eta OS=Homo sapiens OX=9606 GN=CCT7 PE=1 SV=2|sp|Q99832|TCPH_HUMAN T-complex protein 1 subunit eta OS=Homo sapiens OX=9606 GN=CCT7 PE=1 SV=2|sp|Q99832|TCPH_HUMAN T-complex protein 1 subunit eta OS=Homo sapiens OX=9606 GN=CCT7 PE=1 SV=2
39.98	1	32923:32924,32921	3513.511445	4	879.13373	AGkITFAEK	P02786	Transferrin receptor protein 1 OS=Homo sapiens OX=9606 GN=TFRC PE=1 SV=2|sp|P02786|TFR1_HUMAN Transferrin receptor protein 1 OS=Homo sapiens OX=9606 GN=TFRC PE=1 SV=2|sp|P02786|TFR1_HUMAN Transferrin receptor protein 1 OS=Homo sapiens OX=9606 GN=TFRC PE=1 SV=2	LFGNmEGDcPSDWkTDSTcR	P02786	Transferrin receptor protein 1 OS=Homo sapiens OX=9606 GN=TFRC PE=1 SV=2|sp|P02786|TFR1_HUMAN Transferrin receptor protein 1 OS=Homo sapiens OX=9606 GN=TFRC PE=1 SV=2|sp|P02786|TFR1_HUMAN Transferrin receptor protein 1 OS=Homo sapiens OX=9606 GN=TFRC PE=1 SV=2
39.98	1	39935:39936,39932	3035.551485	4	759.64374	kLAEQFPR	Q96K17	Transcription factor BTF3 homolog 4 OS=Homo sapiens OX=9606 GN=BTF3L4 PE=1 SV=1|sp|Q96K17|BT3L4_HUMAN Transcription factor BTF3 homolog 4 OS=Homo sapiens OX=9606 GN=BTF3L4 PE=1 SV=1|sp|Q96K17|BT3L4_HUMAN Transcription factor BTF3 homolog 4 OS=Homo sapiens OX=9606 GN=BTF3L4 PE=1 SV=1	IEDLSQQAQLAAAEkFK	Q13765;E9PAV3	Nascent polypeptide-associated complex subunit alpha OS=Homo sapiens OX=9606 GN=NACA PE=1 SV=1|sp|Q13765|NACA_HUMAN Nascent polypeptide-associated complex subunit alpha OS=Homo sapiens OX=9606 GN=NACA PE=1 SV=1|sp|Q13765|NACA_HUMAN Nascent polypeptide-associated complex subunit alpha OS=Homo sapiens OX=9606 GN=NACA PE=1 SV=1;Nascent polypeptide-associated complex subunit alpha, muscle-specific form OS=Homo sapiens OX=9606 GN=NACA PE=1 SV=1|sp|E9PAV3|NACAM_HUMAN Nascent polypeptide-associated complex subunit alpha, muscle-specific form OS=Homo sapiens OX=9606 GN=NACA PE=1 SV=1|sp|E9PAV3|NACAM_HUMAN Nascent polypeptide-associated complex subunit alpha, muscle-specific form OS=Homo sapiens OX=9606 GN=NACA PE=1 SV=1
39.98	1	42698:42699,42695	3686.915245	4	922.48468	AWAGSPkGTIQVITQGTSLK	O43175	D-3-phosphoglycerate dehydrogenase OS=Homo sapiens OX=9606 GN=PHGDH PE=1 SV=4|sp|O43175|SERA_HUMAN D-3-phosphoglycerate dehydrogenase OS=Homo sapiens OX=9606 GN=PHGDH PE=1 SV=4|sp|O43175|SERA_HUMAN D-3-phosphoglycerate dehydrogenase OS=Homo sapiens OX=9606 GN=PHGDH PE=1 SV=4	EASkQADVNLVNAK	O43175	D-3-phosphoglycerate dehydrogenase OS=Homo sapiens OX=9606 GN=PHGDH PE=1 SV=4|sp|O43175|SERA_HUMAN D-3-phosphoglycerate dehydrogenase OS=Homo sapiens OX=9606 GN=PHGDH PE=1 SV=4|sp|O43175|SERA_HUMAN D-3-phosphoglycerate dehydrogenase OS=Homo sapiens OX=9606 GN=PHGDH PE=1 SV=4
39.98	1	43983:43984,43981	2818.585885	4	705.40234	kPLEAVLR	Q13330	Metastasis-associated protein MTA1 OS=Homo sapiens OX=9606 GN=MTA1 PE=1 SV=2|sp|Q13330|MTA1_HUMAN Metastasis-associated protein MTA1 OS=Homo sapiens OX=9606 GN=MTA1 PE=1 SV=2|sp|Q13330|MTA1_HUMAN Metastasis-associated protein MTA1 OS=Homo sapiens OX=9606 GN=MTA1 PE=1 SV=2	LPEASQSPLVLkQAVR	Q13330	Metastasis-associated protein MTA1 OS=Homo sapiens OX=9606 GN=MTA1 PE=1 SV=2|sp|Q13330|MTA1_HUMAN Metastasis-associated protein MTA1 OS=Homo sapiens OX=9606 GN=MTA1 PE=1 SV=2|sp|Q13330|MTA1_HUMAN Metastasis-associated protein MTA1 OS=Homo sapiens OX=9606 GN=MTA1 PE=1 SV=2
39.98	1	46635:46636,46633	3723.890845	4	931.72858	SkGAVAIADAIR	P46060	Ran GTPase-activating protein 1 OS=Homo sapiens OX=9606 GN=RANGAP1 PE=1 SV=1|sp|P46060|RAGP1_HUMAN Ran GTPase-activating protein 1 OS=Homo sapiens OX=9606 GN=RANGAP1 PE=1 SV=1|sp|P46060|RAGP1_HUMAN Ran GTPase-activating protein 1 OS=Homo sapiens OX=9606 GN=RANGAP1 PE=1 SV=1	VINLNDNTFTEkGAVAmAETLK	P46060	Ran GTPase-activating protein 1 OS=Homo sapiens OX=9606 GN=RANGAP1 PE=1 SV=1|sp|P46060|RAGP1_HUMAN Ran GTPase-activating protein 1 OS=Homo sapiens OX=9606 GN=RANGAP1 PE=1 SV=1|sp|P46060|RAGP1_HUMAN Ran GTPase-activating protein 1 OS=Homo sapiens OX=9606 GN=RANGAP1 PE=1 SV=1
39.98	1	49601:49602,49598	3421.7941650000002	4	856.20441	ASGPPVSELITkAVAASK	P16402;P10412;P16403	Histone H1.3 OS=Homo sapiens OX=9606 GN=H1-3 PE=1 SV=2|sp|P16402|H13_HUMAN Histone H1.3 OS=Homo sapiens OX=9606 GN=H1-3 PE=1 SV=2|sp|P16402|H13_HUMAN Histone H1.3 OS=Homo sapiens OX=9606 GN=H1-3 PE=1 SV=2;Histone H1.4 OS=Homo sapiens OX=9606 GN=H1-4 PE=1 SV=2|sp|P10412|H14_HUMAN Histone H1.4 OS=Homo sapiens OX=9606 GN=H1-4 PE=1 SV=2|sp|P10412|H14_HUMAN Histone H1.4 OS=Homo sapiens OX=9606 GN=H1-4 PE=1 SV=2;Histone H1.2 OS=Homo sapiens OX=9606 GN=H1-2 PE=1 SV=2|sp|P16403|H12_HUMAN Histone H1.2 OS=Homo sapiens OX=9606 GN=H1-2 PE=1 SV=2|sp|P16403|H12_HUMAN Histone H1.2 OS=Homo sapiens OX=9606 GN=H1-2 PE=1 SV=2	GTLVQTkGTGASGSFK	P16401;P16402;P10412;P16403;Q02539	Histone H1.5 OS=Homo sapiens OX=9606 GN=H1-5 PE=1 SV=3|sp|P16401|H15_HUMAN Histone H1.5 OS=Homo sapiens OX=9606 GN=H1-5 PE=1 SV=3|sp|P16401|H15_HUMAN Histone H1.5 OS=Homo sapiens OX=9606 GN=H1-5 PE=1 SV=3;Histone H1.3 OS=Homo sapiens OX=9606 GN=H1-3 PE=1 SV=2|sp|P16402|H13_HUMAN Histone H1.3 OS=Homo sapiens OX=9606 GN=H1-3 PE=1 SV=2|sp|P16402|H13_HUMAN Histone H1.3 OS=Homo sapiens OX=9606 GN=H1-3 PE=1 SV=2;Histone H1.4 OS=Homo sapiens OX=9606 GN=H1-4 PE=1 SV=2|sp|P10412|H14_HUMAN Histone H1.4 OS=Homo sapiens OX=9606 GN=H1-4 PE=1 SV=2|sp|P10412|H14_HUMAN Histone H1.4 OS=Homo sapiens OX=9606 GN=H1-4 PE=1 SV=2;Histone H1.2 OS=Homo sapiens OX=9606 GN=H1-2 PE=1 SV=2|sp|P16403|H12_HUMAN Histone H1.2 OS=Homo sapiens OX=9606 GN=H1-2 PE=1 SV=2|sp|P16403|H12_HUMAN Histone H1.2 OS=Homo sapiens OX=9606 GN=H1-2 PE=1 SV=2;Histone H1.1 OS=Homo sapiens OX=9606 GN=H1-1 PE=1 SV=3|sp|Q02539|H11_HUMAN Histone H1.1 OS=Homo sapiens OX=9606 GN=H1-1 PE=1 SV=3|sp|Q02539|H11_HUMAN Histone H1.1 OS=Homo sapiens OX=9606 GN=H1-1 PE=1 SV=3
39.98	1	50295:50296,50291	3118.634965	4	780.41461	kALAAAGYDVEK	P16402;P10412;P16403;Q02539;P22492	Histone H1.3 OS=Homo sapiens OX=9606 GN=H1-3 PE=1 SV=2|sp|P16402|H13_HUMAN Histone H1.3 OS=Homo sapiens OX=9606 GN=H1-3 PE=1 SV=2|sp|P16402|H13_HUMAN Histone H1.3 OS=Homo sapiens OX=9606 GN=H1-3 PE=1 SV=2;Histone H1.4 OS=Homo sapiens OX=9606 GN=H1-4 PE=1 SV=2|sp|P10412|H14_HUMAN Histone H1.4 OS=Homo sapiens OX=9606 GN=H1-4 PE=1 SV=2|sp|P10412|H14_HUMAN Histone H1.4 OS=Homo sapiens OX=9606 GN=H1-4 PE=1 SV=2;Histone H1.2 OS=Homo sapiens OX=9606 GN=H1-2 PE=1 SV=2|sp|P16403|H12_HUMAN Histone H1.2 OS=Homo sapiens OX=9606 GN=H1-2 PE=1 SV=2|sp|P16403|H12_HUMAN Histone H1.2 OS=Homo sapiens OX=9606 GN=H1-2 PE=1 SV=2;Histone H1.1 OS=Homo sapiens OX=9606 GN=H1-1 PE=1 SV=3|sp|Q02539|H11_HUMAN Histone H1.1 OS=Homo sapiens OX=9606 GN=H1-1 PE=1 SV=3|sp|Q02539|H11_HUMAN Histone H1.1 OS=Homo sapiens OX=9606 GN=H1-1 PE=1 SV=3;Histone H1t OS=Homo sapiens OX=9606 GN=H1-6 PE=2 SV=4|sp|P22492|H1T_HUMAN Histone H1t OS=Homo sapiens OX=9606 GN=H1-6 PE=2 SV=4|sp|P22492|H1T_HUMAN Histone H1t OS=Homo sapiens OX=9606 GN=H1-6 PE=2 SV=4	ASGPPVSELITkAVAASK	P16402;P10412;P16403	Histone H1.3 OS=Homo sapiens OX=9606 GN=H1-3 PE=1 SV=2|sp|P16402|H13_HUMAN Histone H1.3 OS=Homo sapiens OX=9606 GN=H1-3 PE=1 SV=2|sp|P16402|H13_HUMAN Histone H1.3 OS=Homo sapiens OX=9606 GN=H1-3 PE=1 SV=2;Histone H1.4 OS=Homo sapiens OX=9606 GN=H1-4 PE=1 SV=2|sp|P10412|H14_HUMAN Histone H1.4 OS=Homo sapiens OX=9606 GN=H1-4 PE=1 SV=2|sp|P10412|H14_HUMAN Histone H1.4 OS=Homo sapiens OX=9606 GN=H1-4 PE=1 SV=2;Histone H1.2 OS=Homo sapiens OX=9606 GN=H1-2 PE=1 SV=2|sp|P16403|H12_HUMAN Histone H1.2 OS=Homo sapiens OX=9606 GN=H1-2 PE=1 SV=2|sp|P16403|H12_HUMAN Histone H1.2 OS=Homo sapiens OX=9606 GN=H1-2 PE=1 SV=2
39.98	1	50552:50553,50548	2640.4206050000003	4	660.86102	kFIASIEK	Q8WXH0	Nesprin-2 OS=Homo sapiens OX=9606 GN=SYNE2 PE=1 SV=3|sp|Q8WXH0|SYNE2_HUMAN Nesprin-2 OS=Homo sapiens OX=9606 GN=SYNE2 PE=1 SV=3|sp|Q8WXH0|SYNE2_HUMAN Nesprin-2 OS=Homo sapiens OX=9606 GN=SYNE2 PE=1 SV=3	VGPLDSVTYLDkIK	Q8WXH0	Nesprin-2 OS=Homo sapiens OX=9606 GN=SYNE2 PE=1 SV=3|sp|Q8WXH0|SYNE2_HUMAN Nesprin-2 OS=Homo sapiens OX=9606 GN=SYNE2 PE=1 SV=3|sp|Q8WXH0|SYNE2_HUMAN Nesprin-2 OS=Homo sapiens OX=9606 GN=SYNE2 PE=1 SV=3
39.98	1	54800:54801,54798	3563.781445	4	891.70123	VTEGLVDVILYHQPDDkK	O43390	Heterogeneous nuclear ribonucleoprotein R OS=Homo sapiens OX=9606 GN=HNRNPR PE=1 SV=1|sp|O43390|HNRPR_HUMAN Heterogeneous nuclear ribonucleoprotein R OS=Homo sapiens OX=9606 GN=HNRNPR PE=1 SV=1|sp|O43390|HNRPR_HUMAN Heterogeneous nuclear ribonucleoprotein R OS=Homo sapiens OX=9606 GN=HNRNPR PE=1 SV=1	TkENILEEFSK	O43390	Heterogeneous nuclear ribonucleoprotein R OS=Homo sapiens OX=9606 GN=HNRNPR PE=1 SV=1|sp|O43390|HNRPR_HUMAN Heterogeneous nuclear ribonucleoprotein R OS=Homo sapiens OX=9606 GN=HNRNPR PE=1 SV=1|sp|O43390|HNRPR_HUMAN Heterogeneous nuclear ribonucleoprotein R OS=Homo sapiens OX=9606 GN=HNRNPR PE=1 SV=1
39.98	1	59158:59159,59155	3516.849565	4	879.96826	VTkDGVTVAK	P10809	60 kDa heat shock protein, mitochondrial OS=Homo sapiens OX=9606 GN=HSPD1 PE=1 SV=2|sp|P10809|CH60_HUMAN 60 kDa heat shock protein, mitochondrial OS=Homo sapiens OX=9606 GN=HSPD1 PE=1 SV=2|sp|P10809|CH60_HUMAN 60 kDa heat shock protein, mitochondrial OS=Homo sapiens OX=9606 GN=HSPD1 PE=1 SV=2	ALmLQGVDLLADAVAVTMGPkGR	P10809	60 kDa heat shock protein, mitochondrial OS=Homo sapiens OX=9606 GN=HSPD1 PE=1 SV=2|sp|P10809|CH60_HUMAN 60 kDa heat shock protein, mitochondrial OS=Homo sapiens OX=9606 GN=HSPD1 PE=1 SV=2|sp|P10809|CH60_HUMAN 60 kDa heat shock protein, mitochondrial OS=Homo sapiens OX=9606 GN=HSPD1 PE=1 SV=2
39.98	1	60076:60077,60073	3500.850045	4	875.96838	VTkDGVTVAK	P10809	60 kDa heat shock protein, mitochondrial OS=Homo sapiens OX=9606 GN=HSPD1 PE=1 SV=2|sp|P10809|CH60_HUMAN 60 kDa heat shock protein, mitochondrial OS=Homo sapiens OX=9606 GN=HSPD1 PE=1 SV=2|sp|P10809|CH60_HUMAN 60 kDa heat shock protein, mitochondrial OS=Homo sapiens OX=9606 GN=HSPD1 PE=1 SV=2	ALMLQGVDLLADAVAVTMGPkGR	P10809	60 kDa heat shock protein, mitochondrial OS=Homo sapiens OX=9606 GN=HSPD1 PE=1 SV=2|sp|P10809|CH60_HUMAN 60 kDa heat shock protein, mitochondrial OS=Homo sapiens OX=9606 GN=HSPD1 PE=1 SV=2|sp|P10809|CH60_HUMAN 60 kDa heat shock protein, mitochondrial OS=Homo sapiens OX=9606 GN=HSPD1 PE=1 SV=2
39.96	1	26500:26501,26498	2539.213085	4	635.55914	AkmQASIEK	P06748	Nucleophosmin OS=Homo sapiens OX=9606 GN=NPM1 PE=1 SV=2|sp|P06748|NPM_HUMAN Nucleophosmin OS=Homo sapiens OX=9606 GN=NPM1 PE=1 SV=2|sp|P06748|NPM_HUMAN Nucleophosmin OS=Homo sapiens OX=9606 GN=NPM1 PE=1 SV=2	FINYVkNcFR	P06748	Nucleophosmin OS=Homo sapiens OX=9606 GN=NPM1 PE=1 SV=2|sp|P06748|NPM_HUMAN Nucleophosmin OS=Homo sapiens OX=9606 GN=NPM1 PE=1 SV=2|sp|P06748|NPM_HUMAN Nucleophosmin OS=Homo sapiens OX=9606 GN=NPM1 PE=1 SV=2
39.96	1	27216:27217,27214	3296.499005	4	824.88062	STkNETITK	Q8NI27	THO complex subunit 2 OS=Homo sapiens OX=9606 GN=THOC2 PE=1 SV=2|sp|Q8NI27|THOC2_HUMAN THO complex subunit 2 OS=Homo sapiens OX=9606 GN=THOC2 PE=1 SV=2|sp|Q8NI27|THOC2_HUMAN THO complex subunit 2 OS=Homo sapiens OX=9606 GN=THOC2 PE=1 SV=2	ATGFDGGNkADQLDYENFR	Q8NI27	THO complex subunit 2 OS=Homo sapiens OX=9606 GN=THOC2 PE=1 SV=2|sp|Q8NI27|THOC2_HUMAN THO complex subunit 2 OS=Homo sapiens OX=9606 GN=THOC2 PE=1 SV=2|sp|Q8NI27|THOC2_HUMAN THO complex subunit 2 OS=Homo sapiens OX=9606 GN=THOC2 PE=1 SV=2
39.96	1	56267:56268,56264	3522.811005	4	881.45862	SkFADLSEAANR	P08670	Vimentin OS=Homo sapiens OX=9606 GN=VIM PE=1 SV=4|sp|P08670|VIME_HUMAN Vimentin OS=Homo sapiens OX=9606 GN=VIM PE=1 SV=4|sp|P08670|VIME_HUMAN Vimentin OS=Homo sapiens OX=9606 GN=VIM PE=1 SV=4	FLEQQNkILLAELEQLK	P08670	Vimentin OS=Homo sapiens OX=9606 GN=VIM PE=1 SV=4|sp|P08670|VIME_HUMAN Vimentin OS=Homo sapiens OX=9606 GN=VIM PE=1 SV=4|sp|P08670|VIME_HUMAN Vimentin OS=Homo sapiens OX=9606 GN=VIM PE=1 SV=4
39.94	1	36521:36522,36519	2818.462605	4	705.37152	SLNDITAkER	P48047	ATP synthase subunit O, mitochondrial OS=Homo sapiens OX=9606 GN=ATP5PO PE=1 SV=1|sp|P48047|ATPO_HUMAN ATP synthase subunit O, mitochondrial OS=Homo sapiens OX=9606 GN=ATP5PO PE=1 SV=1|sp|P48047|ATPO_HUMAN ATP synthase subunit O, mitochondrial OS=Homo sapiens OX=9606 GN=ATP5PO PE=1 SV=1	EPkVAASVLNPYVK	P48047	ATP synthase subunit O, mitochondrial OS=Homo sapiens OX=9606 GN=ATP5PO PE=1 SV=1|sp|P48047|ATPO_HUMAN ATP synthase subunit O, mitochondrial OS=Homo sapiens OX=9606 GN=ATP5PO PE=1 SV=1|sp|P48047|ATPO_HUMAN ATP synthase subunit O, mitochondrial OS=Homo sapiens OX=9606 GN=ATP5PO PE=1 SV=1
39.94	1	43585:43586,43583	2905.440885	4	727.11609	kESYSVYVYK	Q5QNW6;Q99879;P58876;Q93079;O60814;Q99880;P62807;P57053;Q99877	Histone H2B type 2-F OS=Homo sapiens OX=9606 GN=H2BC18 PE=1 SV=3|sp|Q5QNW6|H2B2F_HUMAN Histone H2B type 2-F OS=Homo sapiens OX=9606 GN=H2BC18 PE=1 SV=3|sp|Q5QNW6|H2B2F_HUMAN Histone H2B type 2-F OS=Homo sapiens OX=9606 GN=H2BC18 PE=1 SV=3;Histone H2B type 1-M OS=Homo sapiens OX=9606 GN=H2BC14 PE=1 SV=3|sp|Q99879|H2B1M_HUMAN Histone H2B type 1-M OS=Homo sapiens OX=9606 GN=H2BC14 PE=1 SV=3|sp|Q99879|H2B1M_HUMAN Histone H2B type 1-M OS=Homo sapiens OX=9606 GN=H2BC14 PE=1 SV=3;Histone H2B type 1-D OS=Homo sapiens OX=9606 GN=H2BC5 PE=1 SV=2|sp|P58876|H2B1D_HUMAN Histone H2B type 1-D OS=Homo sapiens OX=9606 GN=H2BC5 PE=1 SV=2|sp|P58876|H2B1D_HUMAN Histone H2B type 1-D OS=Homo sapiens OX=9606 GN=H2BC5 PE=1 SV=2;Histone H2B type 1-H OS=Homo sapiens OX=9606 GN=H2BC9 PE=1 SV=3|sp|Q93079|H2B1H_HUMAN Histone H2B type 1-H OS=Homo sapiens OX=9606 GN=H2BC9 PE=1 SV=3|sp|Q93079|H2B1H_HUMAN Histone H2B type 1-H OS=Homo sapiens OX=9606 GN=H2BC9 PE=1 SV=3;Histone H2B type 1-K OS=Homo sapiens OX=9606 GN=H2BC12 PE=1 SV=3|sp|O60814|H2B1K_HUMAN Histone H2B type 1-K OS=Homo sapiens OX=9606 GN=H2BC12 PE=1 SV=3|sp|O60814|H2B1K_HUMAN Histone H2B type 1-K OS=Homo sapiens OX=9606 GN=H2BC12 PE=1 SV=3;Histone H2B type 1-L OS=Homo sapiens OX=9606 GN=H2BC13 PE=1 SV=3|sp|Q99880|H2B1L_HUMAN Histone H2B type 1-L OS=Homo sapiens OX=9606 GN=H2BC13 PE=1 SV=3|sp|Q99880|H2B1L_HUMAN Histone H2B type 1-L OS=Homo sapiens OX=9606 GN=H2BC13 PE=1 SV=3;Histone H2B type 1-C/E/F/G/I OS=Homo sapiens OX=9606 GN=H2BC4 PE=1 SV=4|sp|P62807|H2B1C_HUMAN Histone H2B type 1-C/E/F/G/I OS=Homo sapiens OX=9606 GN=H2BC4 PE=1 SV=4|sp|P62807|H2B1C_HUMAN Histone H2B type 1-C/E/F/G/I OS=Homo sapiens OX=9606 GN=H2BC4 PE=1 SV=4;Histone H2B type F-S OS=Homo sapiens OX=9606 GN=H2BS1 PE=1 SV=2|sp|P57053|H2BFS_HUMAN Histone H2B type F-S OS=Homo sapiens OX=9606 GN=H2BS1 PE=1 SV=2|sp|P57053|H2BFS_HUMAN Histone H2B type F-S OS=Homo sapiens OX=9606 GN=H2BS1 PE=1 SV=2;Histone H2B type 1-N OS=Homo sapiens OX=9606 GN=H2BC15 PE=1 SV=3|sp|Q99877|H2B1N_HUMAN Histone H2B type 1-N OS=Homo sapiens OX=9606 GN=H2BC15 PE=1 SV=3|sp|Q99877|H2B1N_HUMAN Histone H2B type 1-N OS=Homo sapiens OX=9606 GN=H2BC15 PE=1 SV=3	TVTAmDVVYALkR	P62805	Histone H4 OS=Homo sapiens OX=9606 GN=H4C1 PE=1 SV=2|sp|P62805|H4_HUMAN Histone H4 OS=Homo sapiens OX=9606 GN=H4C1 PE=1 SV=2|sp|P62805|H4_HUMAN Histone H4 OS=Homo sapiens OX=9606 GN=H4C1 PE=1 SV=2
39.94	1	47984:47985,47982	3267.585645	4	817.65228	FIQTFGkEFDK	P78527	DNA-dependent protein kinase catalytic subunit OS=Homo sapiens OX=9606 GN=PRKDC PE=1 SV=3|sp|P78527|PRKDC_HUMAN DNA-dependent protein kinase catalytic subunit OS=Homo sapiens OX=9606 GN=PRKDC PE=1 SV=3|sp|P78527|PRKDC_HUMAN DNA-dependent protein kinase catalytic subunit OS=Homo sapiens OX=9606 GN=PRKDC PE=1 SV=3	mYAALGDPkAPGLGAFR	P78527	DNA-dependent protein kinase catalytic subunit OS=Homo sapiens OX=9606 GN=PRKDC PE=1 SV=3|sp|P78527|PRKDC_HUMAN DNA-dependent protein kinase catalytic subunit OS=Homo sapiens OX=9606 GN=PRKDC PE=1 SV=3|sp|P78527|PRKDC_HUMAN DNA-dependent protein kinase catalytic subunit OS=Homo sapiens OX=9606 GN=PRKDC PE=1 SV=3
39.94	1	26354:26355,26353	2345.263885	4	587.07184	VIAkALEK	P46060	Ran GTPase-activating protein 1 OS=Homo sapiens OX=9606 GN=RANGAP1 PE=1 SV=1|sp|P46060|RAGP1_HUMAN Ran GTPase-activating protein 1 OS=Homo sapiens OX=9606 GN=RANGAP1 PE=1 SV=1|sp|P46060|RAGP1_HUMAN Ran GTPase-activating protein 1 OS=Homo sapiens OX=9606 GN=RANGAP1 PE=1 SV=1	LNTAEDAkDVIK	P46060	Ran GTPase-activating protein 1 OS=Homo sapiens OX=9606 GN=RANGAP1 PE=1 SV=1|sp|P46060|RAGP1_HUMAN Ran GTPase-activating protein 1 OS=Homo sapiens OX=9606 GN=RANGAP1 PE=1 SV=1|sp|P46060|RAGP1_HUMAN Ran GTPase-activating protein 1 OS=Homo sapiens OX=9606 GN=RANGAP1 PE=1 SV=1
39.93	1	48255:48256,48251	3046.451885	4	762.36884	GFGFVDFNSEEDAkAAK	P19338	Nucleolin OS=Homo sapiens OX=9606 GN=NCL PE=1 SV=3|sp|P19338|NUCL_HUMAN Nucleolin OS=Homo sapiens OX=9606 GN=NCL PE=1 SV=3|sp|P19338|NUCL_HUMAN Nucleolin OS=Homo sapiens OX=9606 GN=NCL PE=1 SV=3	VTLDWAkPK	P19338	Nucleolin OS=Homo sapiens OX=9606 GN=NCL PE=1 SV=3|sp|P19338|NUCL_HUMAN Nucleolin OS=Homo sapiens OX=9606 GN=NCL PE=1 SV=3|sp|P19338|NUCL_HUMAN Nucleolin OS=Homo sapiens OX=9606 GN=NCL PE=1 SV=3
39.92	1	19750:19751,19749	3289.504125	4	823.1319	YAkLTEAAEQNK	P07197	Neurofilament medium polypeptide OS=Homo sapiens OX=9606 GN=NEFM PE=1 SV=3|sp|P07197|NFM_HUMAN Neurofilament medium polypeptide OS=Homo sapiens OX=9606 GN=NEFM PE=1 SV=3|sp|P07197|NFM_HUMAN Neurofilament medium polypeptide OS=Homo sapiens OX=9606 GN=NEFM PE=1 SV=3	LQDEIQNmkEEmAR	P08670	Vimentin OS=Homo sapiens OX=9606 GN=VIM PE=1 SV=4|sp|P08670|VIME_HUMAN Vimentin OS=Homo sapiens OX=9606 GN=VIM PE=1 SV=4|sp|P08670|VIME_HUMAN Vimentin OS=Homo sapiens OX=9606 GN=VIM PE=1 SV=4
39.9	1	12150:12151,12148	2683.240925	4	671.5661	AAmDNSEIAGEkK	Q16891	MICOS complex subunit MIC60 OS=Homo sapiens OX=9606 GN=IMMT PE=1 SV=1|sp|Q16891|MIC60_HUMAN MICOS complex subunit MIC60 OS=Homo sapiens OX=9606 GN=IMMT PE=1 SV=1|sp|Q16891|MIC60_HUMAN MICOS complex subunit MIC60 OS=Homo sapiens OX=9606 GN=IMMT PE=1 SV=1	ELAEQkATEK	Q16891	MICOS complex subunit MIC60 OS=Homo sapiens OX=9606 GN=IMMT PE=1 SV=1|sp|Q16891|MIC60_HUMAN MICOS complex subunit MIC60 OS=Homo sapiens OX=9606 GN=IMMT PE=1 SV=1|sp|Q16891|MIC60_HUMAN MICOS complex subunit MIC60 OS=Homo sapiens OX=9606 GN=IMMT PE=1 SV=1
39.89	1	25589:25590,25587	2628.269725	4	657.8233	GkEDALVTK	P22087	rRNA 2'-O-methyltransferase fibrillarin OS=Homo sapiens OX=9606 GN=FBL PE=1 SV=2|sp|P22087|FBRL_HUMAN rRNA 2'-O-methyltransferase fibrillarin OS=Homo sapiens OX=9606 GN=FBL PE=1 SV=2|sp|P22087|FBRL_HUMAN rRNA 2'-O-methyltransferase fibrillarin OS=Homo sapiens OX=9606 GN=FBL PE=1 SV=2	VSISEGDDkIEYR	P22087	rRNA 2'-O-methyltransferase fibrillarin OS=Homo sapiens OX=9606 GN=FBL PE=1 SV=2|sp|P22087|FBRL_HUMAN rRNA 2'-O-methyltransferase fibrillarin OS=Homo sapiens OX=9606 GN=FBL PE=1 SV=2|sp|P22087|FBRL_HUMAN rRNA 2'-O-methyltransferase fibrillarin OS=Homo sapiens OX=9606 GN=FBL PE=1 SV=2
39.84	1	30331:30332,30329	3153.547325	4	789.1427	kmQSTLISAAR	P43246	DNA mismatch repair protein Msh2 OS=Homo sapiens OX=9606 GN=MSH2 PE=1 SV=1|sp|P43246|MSH2_HUMAN DNA mismatch repair protein Msh2 OS=Homo sapiens OX=9606 GN=MSH2 PE=1 SV=1|sp|P43246|MSH2_HUMAN DNA mismatch repair protein Msh2 OS=Homo sapiens OX=9606 GN=MSH2 PE=1 SV=1	FTNSkLTSLNEEYTK	P43246	DNA mismatch repair protein Msh2 OS=Homo sapiens OX=9606 GN=MSH2 PE=1 SV=1|sp|P43246|MSH2_HUMAN DNA mismatch repair protein Msh2 OS=Homo sapiens OX=9606 GN=MSH2 PE=1 SV=1|sp|P43246|MSH2_HUMAN DNA mismatch repair protein Msh2 OS=Homo sapiens OX=9606 GN=MSH2 PE=1 SV=1
39.82	1	20292:20293,20288	2606.215525	4	652.30975	kEmQLR	P23246	Splicing factor, proline- and glutamine-rich OS=Homo sapiens OX=9606 GN=SFPQ PE=1 SV=2|sp|P23246|SFPQ_HUMAN Splicing factor, proline- and glutamine-rich OS=Homo sapiens OX=9606 GN=SFPQ PE=1 SV=2|sp|P23246|SFPQ_HUMAN Splicing factor, proline- and glutamine-rich OS=Homo sapiens OX=9606 GN=SFPQ PE=1 SV=2	SSGPYGGGGQYFAkPR	P09651	Heterogeneous nuclear ribonucleoprotein A1 OS=Homo sapiens OX=9606 GN=HNRNPA1 PE=1 SV=5|sp|P09651|ROA1_HUMAN Heterogeneous nuclear ribonucleoprotein A1 OS=Homo sapiens OX=9606 GN=HNRNPA1 PE=1 SV=5|sp|P09651|ROA1_HUMAN Heterogeneous nuclear ribonucleoprotein A1 OS=Homo sapiens OX=9606 GN=HNRNPA1 PE=1 SV=5
39.8	1	38797:38798,38793	3155.578085	4	789.65039	TPVIVTLkENER	Q9Y4L1	Hypoxia up-regulated protein 1 OS=Homo sapiens OX=9606 GN=HYOU1 PE=1 SV=1|sp|Q9Y4L1|HYOU1_HUMAN Hypoxia up-regulated protein 1 OS=Homo sapiens OX=9606 GN=HYOU1 PE=1 SV=1|sp|Q9Y4L1|HYOU1_HUMAN Hypoxia up-regulated protein 1 OS=Homo sapiens OX=9606 GN=HYOU1 PE=1 SV=1	FFGDSAASmAIkNPK	Q9Y4L1	Hypoxia up-regulated protein 1 OS=Homo sapiens OX=9606 GN=HYOU1 PE=1 SV=1|sp|Q9Y4L1|HYOU1_HUMAN Hypoxia up-regulated protein 1 OS=Homo sapiens OX=9606 GN=HYOU1 PE=1 SV=1|sp|Q9Y4L1|HYOU1_HUMAN Hypoxia up-regulated protein 1 OS=Homo sapiens OX=9606 GN=HYOU1 PE=1 SV=1
39.71	1	41116:41117,41114	2321.300725	4	581.08105	AIkFLSTK	Q9BZZ5	Apoptosis inhibitor 5 OS=Homo sapiens OX=9606 GN=API5 PE=1 SV=3|sp|Q9BZZ5|API5_HUMAN Apoptosis inhibitor 5 OS=Homo sapiens OX=9606 GN=API5 PE=1 SV=3|sp|Q9BZZ5|API5_HUMAN Apoptosis inhibitor 5 OS=Homo sapiens OX=9606 GN=API5 PE=1 SV=3	LkTLPDEVLTK	Q9BZZ5	Apoptosis inhibitor 5 OS=Homo sapiens OX=9606 GN=API5 PE=1 SV=3|sp|Q9BZZ5|API5_HUMAN Apoptosis inhibitor 5 OS=Homo sapiens OX=9606 GN=API5 PE=1 SV=3|sp|Q9BZZ5|API5_HUMAN Apoptosis inhibitor 5 OS=Homo sapiens OX=9606 GN=API5 PE=1 SV=3
20.7	2	42678:42679,42676	2543.348605	4	636.59302	ASGPPVSELITkAVAASK	P16402;P10412;P16403	Histone H1.3 OS=Homo sapiens OX=9606 GN=H1-3 PE=1 SV=2|sp|P16402|H13_HUMAN Histone H1.3 OS=Homo sapiens OX=9606 GN=H1-3 PE=1 SV=2|sp|P16402|H13_HUMAN Histone H1.3 OS=Homo sapiens OX=9606 GN=H1-3 PE=1 SV=2;Histone H1.4 OS=Homo sapiens OX=9606 GN=H1-4 PE=1 SV=2|sp|P10412|H14_HUMAN Histone H1.4 OS=Homo sapiens OX=9606 GN=H1-4 PE=1 SV=2|sp|P10412|H14_HUMAN Histone H1.4 OS=Homo sapiens OX=9606 GN=H1-4 PE=1 SV=2;Histone H1.2 OS=Homo sapiens OX=9606 GN=H1-2 PE=1 SV=2|sp|P16403|H12_HUMAN Histone H1.2 OS=Homo sapiens OX=9606 GN=H1-2 PE=1 SV=2|sp|P16403|H12_HUMAN Histone H1.2 OS=Homo sapiens OX=9606 GN=H1-2 PE=1 SV=2	SAGAAkR	P10412	Histone H1.4 OS=Homo sapiens OX=9606 GN=H1-4 PE=1 SV=2|sp|P10412|H14_HUMAN Histone H1.4 OS=Homo sapiens OX=9606 GN=H1-4 PE=1 SV=2|sp|P10412|H14_HUMAN Histone H1.4 OS=Homo sapiens OX=9606 GN=H1-4 PE=1 SV=2
19.87	1	34010:34011,34006	3197.640845	4	800.16608	SSGPYGGGGQYFAkPR	P09651	Heterogeneous nuclear ribonucleoprotein A1 OS=Homo sapiens OX=9606 GN=HNRNPA1 PE=1 SV=5|sp|P09651|ROA1_HUMAN Heterogeneous nuclear ribonucleoprotein A1 OS=Homo sapiens OX=9606 GN=HNRNPA1 PE=1 SV=5|sp|P09651|ROA1_HUMAN Heterogeneous nuclear ribonucleoprotein A1 OS=Homo sapiens OX=9606 GN=HNRNPA1 PE=1 SV=5	ILLQSkNAGAVIGK	P61978	Heterogeneous nuclear ribonucleoprotein K OS=Homo sapiens OX=9606 GN=HNRNPK PE=1 SV=1|sp|P61978|HNRPK_HUMAN Heterogeneous nuclear ribonucleoprotein K OS=Homo sapiens OX=9606 GN=HNRNPK PE=1 SV=1|sp|P61978|HNRPK_HUMAN Heterogeneous nuclear ribonucleoprotein K OS=Homo sapiens OX=9606 GN=HNRNPK PE=1 SV=1
19.86	1	36547:36548,36545	3117.522685	4	780.13654	kALAAAGYDVEK	P16402;P10412;P16403;Q02539;P22492	Histone H1.3 OS=Homo sapiens OX=9606 GN=H1-3 PE=1 SV=2|sp|P16402|H13_HUMAN Histone H1.3 OS=Homo sapiens OX=9606 GN=H1-3 PE=1 SV=2|sp|P16402|H13_HUMAN Histone H1.3 OS=Homo sapiens OX=9606 GN=H1-3 PE=1 SV=2;Histone H1.4 OS=Homo sapiens OX=9606 GN=H1-4 PE=1 SV=2|sp|P10412|H14_HUMAN Histone H1.4 OS=Homo sapiens OX=9606 GN=H1-4 PE=1 SV=2|sp|P10412|H14_HUMAN Histone H1.4 OS=Homo sapiens OX=9606 GN=H1-4 PE=1 SV=2;Histone H1.2 OS=Homo sapiens OX=9606 GN=H1-2 PE=1 SV=2|sp|P16403|H12_HUMAN Histone H1.2 OS=Homo sapiens OX=9606 GN=H1-2 PE=1 SV=2|sp|P16403|H12_HUMAN Histone H1.2 OS=Homo sapiens OX=9606 GN=H1-2 PE=1 SV=2;Histone H1.1 OS=Homo sapiens OX=9606 GN=H1-1 PE=1 SV=3|sp|Q02539|H11_HUMAN Histone H1.1 OS=Homo sapiens OX=9606 GN=H1-1 PE=1 SV=3|sp|Q02539|H11_HUMAN Histone H1.1 OS=Homo sapiens OX=9606 GN=H1-1 PE=1 SV=3;Histone H1t OS=Homo sapiens OX=9606 GN=H1-6 PE=2 SV=4|sp|P22492|H1T_HUMAN Histone H1t OS=Homo sapiens OX=9606 GN=H1-6 PE=2 SV=4|sp|P22492|H1T_HUMAN Histone H1t OS=Homo sapiens OX=9606 GN=H1-6 PE=2 SV=4	YSDmIVAAIQAEkNR	P07305	Histone H1.0 OS=Homo sapiens OX=9606 GN=H1-0 PE=1 SV=3|sp|P07305|H10_HUMAN Histone H1.0 OS=Homo sapiens OX=9606 GN=H1-0 PE=1 SV=3|sp|P07305|H10_HUMAN Histone H1.0 OS=Homo sapiens OX=9606 GN=H1-0 PE=1 SV=3
19.86	1	40979:40980,40977	2703.473845	4	676.62433	LAILYAkR	Q8IZP2;P50502;Q8NFI4	Putative protein FAM10A4 OS=Homo sapiens OX=9606 GN=ST13P4 PE=5 SV=1|sp|Q8IZP2|ST134_HUMAN Putative protein FAM10A4 OS=Homo sapiens OX=9606 GN=ST13P4 PE=5 SV=1|sp|Q8IZP2|ST134_HUMAN Putative protein FAM10A4 OS=Homo sapiens OX=9606 GN=ST13P4 PE=5 SV=1;Hsc70-interacting protein OS=Homo sapiens OX=9606 GN=ST13 PE=1 SV=2|sp|P50502|F10A1_HUMAN Hsc70-interacting protein OS=Homo sapiens OX=9606 GN=ST13 PE=1 SV=2|sp|P50502|F10A1_HUMAN Hsc70-interacting protein OS=Homo sapiens OX=9606 GN=ST13 PE=1 SV=2;Putative protein FAM10A5 OS=Homo sapiens OX=9606 GN=ST13P5 PE=5 SV=1|sp|Q8NFI4|F10A5_HUMAN Putative protein FAM10A5 OS=Homo sapiens OX=9606 GN=ST13P5 PE=5 SV=1|sp|Q8NFI4|F10A5_HUMAN Putative protein FAM10A5 OS=Homo sapiens OX=9606 GN=ST13P5 PE=5 SV=1	kVAAIEALNDGELQK	Q8IZP2;P50502	Putative protein FAM10A4 OS=Homo sapiens OX=9606 GN=ST13P4 PE=5 SV=1|sp|Q8IZP2|ST134_HUMAN Putative protein FAM10A4 OS=Homo sapiens OX=9606 GN=ST13P4 PE=5 SV=1|sp|Q8IZP2|ST134_HUMAN Putative protein FAM10A4 OS=Homo sapiens OX=9606 GN=ST13P4 PE=5 SV=1;Hsc70-interacting protein OS=Homo sapiens OX=9606 GN=ST13 PE=1 SV=2|sp|P50502|F10A1_HUMAN Hsc70-interacting protein OS=Homo sapiens OX=9606 GN=ST13 PE=1 SV=2|sp|P50502|F10A1_HUMAN Hsc70-interacting protein OS=Homo sapiens OX=9606 GN=ST13 PE=1 SV=2
19.85	1	23331:23332,23328	2520.331765	4	630.83881	LTkEVTAAR	Q9UMS4	Pre-mRNA-processing factor 19 OS=Homo sapiens OX=9606 GN=PRPF19 PE=1 SV=1|sp|Q9UMS4|PRP19_HUMAN Pre-mRNA-processing factor 19 OS=Homo sapiens OX=9606 GN=PRPF19 PE=1 SV=1|sp|Q9UMS4|PRP19_HUMAN Pre-mRNA-processing factor 19 OS=Homo sapiens OX=9606 GN=PRPF19 PE=1 SV=1	LQDkATVLTTER	Q9UMS4	Pre-mRNA-processing factor 19 OS=Homo sapiens OX=9606 GN=PRPF19 PE=1 SV=1|sp|Q9UMS4|PRP19_HUMAN Pre-mRNA-processing factor 19 OS=Homo sapiens OX=9606 GN=PRPF19 PE=1 SV=1|sp|Q9UMS4|PRP19_HUMAN Pre-mRNA-processing factor 19 OS=Homo sapiens OX=9606 GN=PRPF19 PE=1 SV=1
19.81	1	56743:56744,56739	2585.399125	4	647.10565	VVkDLAK	Q9NQZ2	Something about silencing protein 10 OS=Homo sapiens OX=9606 GN=UTP3 PE=1 SV=1|sp|Q9NQZ2|SAS10_HUMAN Something about silencing protein 10 OS=Homo sapiens OX=9606 GN=UTP3 PE=1 SV=1|sp|Q9NQZ2|SAS10_HUMAN Something about silencing protein 10 OS=Homo sapiens OX=9606 GN=UTP3 PE=1 SV=1	kESPELLELIEDLK	Q9NQZ2	Something about silencing protein 10 OS=Homo sapiens OX=9606 GN=UTP3 PE=1 SV=1|sp|Q9NQZ2|SAS10_HUMAN Something about silencing protein 10 OS=Homo sapiens OX=9606 GN=UTP3 PE=1 SV=1|sp|Q9NQZ2|SAS10_HUMAN Something about silencing protein 10 OS=Homo sapiens OX=9606 GN=UTP3 PE=1 SV=1
19.78	1	50260:50261,50259	2285.332725	4	572.08905	IGIEIIkR	P10809	60 kDa heat shock protein, mitochondrial OS=Homo sapiens OX=9606 GN=HSPD1 PE=1 SV=2|sp|P10809|CH60_HUMAN 60 kDa heat shock protein, mitochondrial OS=Homo sapiens OX=9606 GN=HSPD1 PE=1 SV=2|sp|P10809|CH60_HUMAN 60 kDa heat shock protein, mitochondrial OS=Homo sapiens OX=9606 GN=HSPD1 PE=1 SV=2	TLkIPAMTIAK	P10809	60 kDa heat shock protein, mitochondrial OS=Homo sapiens OX=9606 GN=HSPD1 PE=1 SV=2|sp|P10809|CH60_HUMAN 60 kDa heat shock protein, mitochondrial OS=Homo sapiens OX=9606 GN=HSPD1 PE=1 SV=2|sp|P10809|CH60_HUMAN 60 kDa heat shock protein, mitochondrial OS=Homo sapiens OX=9606 GN=HSPD1 PE=1 SV=2
19.71	1	45470:45471,45467	2499.346885	4	625.59259	GGkGLGK	P62805	Histone H4 OS=Homo sapiens OX=9606 GN=H4C1 PE=1 SV=2|sp|P62805|H4_HUMAN Histone H4 OS=Homo sapiens OX=9606 GN=H4C1 PE=1 SV=2|sp|P62805|H4_HUMAN Histone H4 OS=Homo sapiens OX=9606 GN=H4C1 PE=1 SV=2	ASGPPVSELITkAVAASK	P16402;P10412;P16403	Histone H1.3 OS=Homo sapiens OX=9606 GN=H1-3 PE=1 SV=2|sp|P16402|H13_HUMAN Histone H1.3 OS=Homo sapiens OX=9606 GN=H1-3 PE=1 SV=2|sp|P16402|H13_HUMAN Histone H1.3 OS=Homo sapiens OX=9606 GN=H1-3 PE=1 SV=2;Histone H1.4 OS=Homo sapiens OX=9606 GN=H1-4 PE=1 SV=2|sp|P10412|H14_HUMAN Histone H1.4 OS=Homo sapiens OX=9606 GN=H1-4 PE=1 SV=2|sp|P10412|H14_HUMAN Histone H1.4 OS=Homo sapiens OX=9606 GN=H1-4 PE=1 SV=2;Histone H1.2 OS=Homo sapiens OX=9606 GN=H1-2 PE=1 SV=2|sp|P16403|H12_HUMAN Histone H1.2 OS=Homo sapiens OX=9606 GN=H1-2 PE=1 SV=2|sp|P16403|H12_HUMAN Histone H1.2 OS=Homo sapiens OX=9606 GN=H1-2 PE=1 SV=2
19.69	1	7170:7171,7169	2235.053445	4	559.51923	LEDkQR	O00541	Pescadillo homolog OS=Homo sapiens OX=9606 GN=PES1 PE=1 SV=1|sp|O00541|PESC_HUMAN Pescadillo homolog OS=Homo sapiens OX=9606 GN=PES1 PE=1 SV=1|sp|O00541|PESC_HUMAN Pescadillo homolog OS=Homo sapiens OX=9606 GN=PES1 PE=1 SV=1	LAQEEESEAkR	O00541	Pescadillo homolog OS=Homo sapiens OX=9606 GN=PES1 PE=1 SV=1|sp|O00541|PESC_HUMAN Pescadillo homolog OS=Homo sapiens OX=9606 GN=PES1 PE=1 SV=1|sp|O00541|PESC_HUMAN Pescadillo homolog OS=Homo sapiens OX=9606 GN=PES1 PE=1 SV=1
19.67	1	38871:38872,38869	2969.552205	4	743.14392	LPSGAYEGGALIkSSGK	Q12873	Chromodomain-helicase-DNA-binding protein 3 OS=Homo sapiens OX=9606 GN=CHD3 PE=1 SV=3|sp|Q12873|CHD3_HUMAN Chromodomain-helicase-DNA-binding protein 3 OS=Homo sapiens OX=9606 GN=CHD3 PE=1 SV=3|sp|Q12873|CHD3_HUMAN Chromodomain-helicase-DNA-binding protein 3 OS=Homo sapiens OX=9606 GN=CHD3 PE=1 SV=3	LmLLQkmLR	Q12873	Chromodomain-helicase-DNA-binding protein 3 OS=Homo sapiens OX=9606 GN=CHD3 PE=1 SV=3|sp|Q12873|CHD3_HUMAN Chromodomain-helicase-DNA-binding protein 3 OS=Homo sapiens OX=9606 GN=CHD3 PE=1 SV=3|sp|Q12873|CHD3_HUMAN Chromodomain-helicase-DNA-binding protein 3 OS=Homo sapiens OX=9606 GN=CHD3 PE=1 SV=3
19.59	1	26191:26192,26186	2407.215285	4	602.55969	ImkAQALR	P07900;P08238;Q58FG1	Heat shock protein HSP 90-alpha OS=Homo sapiens OX=9606 GN=HSP90AA1 PE=1 SV=5|sp|P07900|HS90A_HUMAN Heat shock protein HSP 90-alpha OS=Homo sapiens OX=9606 GN=HSP90AA1 PE=1 SV=5|sp|P07900|HS90A_HUMAN Heat shock protein HSP 90-alpha OS=Homo sapiens OX=9606 GN=HSP90AA1 PE=1 SV=5;Heat shock protein HSP 90-beta OS=Homo sapiens OX=9606 GN=HSP90AB1 PE=1 SV=4|sp|P08238|HS90B_HUMAN Heat shock protein HSP 90-beta OS=Homo sapiens OX=9606 GN=HSP90AB1 PE=1 SV=4|sp|P08238|HS90B_HUMAN Heat shock protein HSP 90-beta OS=Homo sapiens OX=9606 GN=HSP90AB1 PE=1 SV=4;Putative heat shock protein HSP 90-alpha A4 OS=Homo sapiens OX=9606 GN=HSP90AA4P PE=5 SV=1|sp|Q58FG1|HS904_HUMAN Putative heat shock protein HSP 90-alpha A4 OS=Homo sapiens OX=9606 GN=HSP90AA4P PE=5 SV=1|sp|Q58FG1|HS904_HUMAN Putative heat shock protein HSP 90-alpha A4 OS=Homo sapiens OX=9606 GN=HSP90AA4P PE=5 SV=1	FYEQFSkNIK	P07900	Heat shock protein HSP 90-alpha OS=Homo sapiens OX=9606 GN=HSP90AA1 PE=1 SV=5|sp|P07900|HS90A_HUMAN Heat shock protein HSP 90-alpha OS=Homo sapiens OX=9606 GN=HSP90AA1 PE=1 SV=5|sp|P07900|HS90A_HUMAN Heat shock protein HSP 90-alpha OS=Homo sapiens OX=9606 GN=HSP90AA1 PE=1 SV=5
19.59	1	19894:19895,19893	3410.475045	4	853.37463	AEDGENYDIkK	O75347	Tubulin-specific chaperone A OS=Homo sapiens OX=9606 GN=TBCA PE=1 SV=3|sp|O75347|TBCA_HUMAN Tubulin-specific chaperone A OS=Homo sapiens OX=9606 GN=TBCA PE=1 SV=3|sp|O75347|TBCA_HUMAN Tubulin-specific chaperone A OS=Homo sapiens OX=9606 GN=TBCA PE=1 SV=3	mSmkEVDEQmLNVQNK	Q13885;P07437;P68371;Q9BVA1	Tubulin beta-2A chain OS=Homo sapiens OX=9606 GN=TUBB2A PE=1 SV=1|sp|Q13885|TBB2A_HUMAN Tubulin beta-2A chain OS=Homo sapiens OX=9606 GN=TUBB2A PE=1 SV=1|sp|Q13885|TBB2A_HUMAN Tubulin beta-2A chain OS=Homo sapiens OX=9606 GN=TUBB2A PE=1 SV=1;Tubulin beta chain OS=Homo sapiens OX=9606 GN=TUBB PE=1 SV=2|sp|P07437|TBB5_HUMAN Tubulin beta chain OS=Homo sapiens OX=9606 GN=TUBB PE=1 SV=2|sp|P07437|TBB5_HUMAN Tubulin beta chain OS=Homo sapiens OX=9606 GN=TUBB PE=1 SV=2;Tubulin beta-4B chain OS=Homo sapiens OX=9606 GN=TUBB4B PE=1 SV=1|sp|P68371|TBB4B_HUMAN Tubulin beta-4B chain OS=Homo sapiens OX=9606 GN=TUBB4B PE=1 SV=1|sp|P68371|TBB4B_HUMAN Tubulin beta-4B chain OS=Homo sapiens OX=9606 GN=TUBB4B PE=1 SV=1;Tubulin beta-2B chain OS=Homo sapiens OX=9606 GN=TUBB2B PE=1 SV=1|sp|Q9BVA1|TBB2B_HUMAN Tubulin beta-2B chain OS=Homo sapiens OX=9606 GN=TUBB2B PE=1 SV=1|sp|Q9BVA1|TBB2B_HUMAN Tubulin beta-2B chain OS=Homo sapiens OX=9606 GN=TUBB2B PE=1 SV=1
19.52	1	34683:34684,34681	2731.425725	4	683.6123	TkQTAR	P84243;Q16695;Q6NXT2;P68431;Q71DI3	Histone H3.3 OS=Homo sapiens OX=9606 GN=H3-3A PE=1 SV=2|sp|P84243|H33_HUMAN Histone H3.3 OS=Homo sapiens OX=9606 GN=H3-3A PE=1 SV=2|sp|P84243|H33_HUMAN Histone H3.3 OS=Homo sapiens OX=9606 GN=H3-3A PE=1 SV=2;Histone H3.1t OS=Homo sapiens OX=9606 GN=H3-4 PE=1 SV=3|sp|Q16695|H31T_HUMAN Histone H3.1t OS=Homo sapiens OX=9606 GN=H3-4 PE=1 SV=3|sp|Q16695|H31T_HUMAN Histone H3.1t OS=Homo sapiens OX=9606 GN=H3-4 PE=1 SV=3;Histone H3.3C OS=Homo sapiens OX=9606 GN=H3-5 PE=1 SV=3|sp|Q6NXT2|H3C_HUMAN Histone H3.3C OS=Homo sapiens OX=9606 GN=H3-5 PE=1 SV=3|sp|Q6NXT2|H3C_HUMAN Histone H3.3C OS=Homo sapiens OX=9606 GN=H3-5 PE=1 SV=3;Histone H3.1 OS=Homo sapiens OX=9606 GN=H3C1 PE=1 SV=2|sp|P68431|H31_HUMAN Histone H3.1 OS=Homo sapiens OX=9606 GN=H3C1 PE=1 SV=2|sp|P68431|H31_HUMAN Histone H3.1 OS=Homo sapiens OX=9606 GN=H3C1 PE=1 SV=2;Histone H3.2 OS=Homo sapiens OX=9606 GN=H3C15 PE=1 SV=3|sp|Q71DI3|H32_HUMAN Histone H3.2 OS=Homo sapiens OX=9606 GN=H3C15 PE=1 SV=3|sp|Q71DI3|H32_HUMAN Histone H3.2 OS=Homo sapiens OX=9606 GN=H3C15 PE=1 SV=3	LGLGEGAEEkSIPTLISR	P18754	Regulator of chromosome condensation OS=Homo sapiens OX=9606 GN=RCC1 PE=1 SV=1|sp|P18754|RCC1_HUMAN Regulator of chromosome condensation OS=Homo sapiens OX=9606 GN=RCC1 PE=1 SV=1|sp|P18754|RCC1_HUMAN Regulator of chromosome condensation OS=Homo sapiens OX=9606 GN=RCC1 PE=1 SV=1
19.5	1	22299:22300,22298	2013.0481649999997	4	504.01791	kGGAGGK	Q53EL6	Programmed cell death protein 4 OS=Homo sapiens OX=9606 GN=PDCD4 PE=1 SV=2|sp|Q53EL6|PDCD4_HUMAN Programmed cell death protein 4 OS=Homo sapiens OX=9606 GN=PDCD4 PE=1 SV=2|sp|Q53EL6|PDCD4_HUMAN Programmed cell death protein 4 OS=Homo sapiens OX=9606 GN=PDCD4 PE=1 SV=2	mQIFVkTLTGK	P62987;P62979;P0CG47;P0CG48	Ubiquitin-60S ribosomal protein L40 OS=Homo sapiens OX=9606 GN=UBA52 PE=1 SV=2|sp|P62987|RL40_HUMAN Ubiquitin-60S ribosomal protein L40 OS=Homo sapiens OX=9606 GN=UBA52 PE=1 SV=2|sp|P62987|RL40_HUMAN Ubiquitin-60S ribosomal protein L40 OS=Homo sapiens OX=9606 GN=UBA52 PE=1 SV=2;Ubiquitin-40S ribosomal protein S27a OS=Homo sapiens OX=9606 GN=RPS27A PE=1 SV=2|sp|P62979|RS27A_HUMAN Ubiquitin-40S ribosomal protein S27a OS=Homo sapiens OX=9606 GN=RPS27A PE=1 SV=2|sp|P62979|RS27A_HUMAN Ubiquitin-40S ribosomal protein S27a OS=Homo sapiens OX=9606 GN=RPS27A PE=1 SV=2;Polyubiquitin-B OS=Homo sapiens OX=9606 GN=UBB PE=1 SV=1|sp|P0CG47|UBB_HUMAN Polyubiquitin-B OS=Homo sapiens OX=9606 GN=UBB PE=1 SV=1|sp|P0CG47|UBB_HUMAN Polyubiquitin-B OS=Homo sapiens OX=9606 GN=UBB PE=1 SV=1;Polyubiquitin-C OS=Homo sapiens OX=9606 GN=UBC PE=1 SV=3|sp|P0CG48|UBC_HUMAN Polyubiquitin-C OS=Homo sapiens OX=9606 GN=UBC PE=1 SV=3|sp|P0CG48|UBC_HUMAN Polyubiquitin-C OS=Homo sapiens OX=9606 GN=UBC PE=1 SV=3
19.44	1	23028:23029,23024	2433.272165	4	609.07391	LkDIGPEVVK	P51659	Peroxisomal multifunctional enzyme type 2 OS=Homo sapiens OX=9606 GN=HSD17B4 PE=1 SV=3|sp|P51659|DHB4_HUMAN Peroxisomal multifunctional enzyme type 2 OS=Homo sapiens OX=9606 GN=HSD17B4 PE=1 SV=3|sp|P51659|DHB4_HUMAN Peroxisomal multifunctional enzyme type 2 OS=Homo sapiens OX=9606 GN=HSD17B4 PE=1 SV=3	SGSGkVYQGPAK	P51659	Peroxisomal multifunctional enzyme type 2 OS=Homo sapiens OX=9606 GN=HSD17B4 PE=1 SV=3|sp|P51659|DHB4_HUMAN Peroxisomal multifunctional enzyme type 2 OS=Homo sapiens OX=9606 GN=HSD17B4 PE=1 SV=3|sp|P51659|DHB4_HUMAN Peroxisomal multifunctional enzyme type 2 OS=Homo sapiens OX=9606 GN=HSD17B4 PE=1 SV=3
19.43	1	27567:27568,27566	2117.091045	4	530.02863	GLGkGGAK	P62805	Histone H4 OS=Homo sapiens OX=9606 GN=H4C1 PE=1 SV=2|sp|P62805|H4_HUMAN Histone H4 OS=Homo sapiens OX=9606 GN=H4C1 PE=1 SV=2|sp|P62805|H4_HUMAN Histone H4 OS=Homo sapiens OX=9606 GN=H4C1 PE=1 SV=2	NDEELNkLLGK	Q16777;Q99878;Q96KK5;Q9BTM1;P20671;P0C0S8;Q6FI13	Histone H2A type 2-C OS=Homo sapiens OX=9606 GN=H2AC20 PE=1 SV=4|sp|Q16777|H2A2C_HUMAN Histone H2A type 2-C OS=Homo sapiens OX=9606 GN=H2AC20 PE=1 SV=4|sp|Q16777|H2A2C_HUMAN Histone H2A type 2-C OS=Homo sapiens OX=9606 GN=H2AC20 PE=1 SV=4;Histone H2A type 1-J OS=Homo sapiens OX=9606 GN=H2AC14 PE=1 SV=3|sp|Q99878|H2A1J_HUMAN Histone H2A type 1-J OS=Homo sapiens OX=9606 GN=H2AC14 PE=1 SV=3|sp|Q99878|H2A1J_HUMAN Histone H2A type 1-J OS=Homo sapiens OX=9606 GN=H2AC14 PE=1 SV=3;Histone H2A type 1-H OS=Homo sapiens OX=9606 GN=H2AC12 PE=1 SV=3|sp|Q96KK5|H2A1H_HUMAN Histone H2A type 1-H OS=Homo sapiens OX=9606 GN=H2AC12 PE=1 SV=3|sp|Q96KK5|H2A1H_HUMAN Histone H2A type 1-H OS=Homo sapiens OX=9606 GN=H2AC12 PE=1 SV=3;Histone H2A.J OS=Homo sapiens OX=9606 GN=H2AJ PE=1 SV=1|sp|Q9BTM1|H2AJ_HUMAN Histone H2A.J OS=Homo sapiens OX=9606 GN=H2AJ PE=1 SV=1|sp|Q9BTM1|H2AJ_HUMAN Histone H2A.J OS=Homo sapiens OX=9606 GN=H2AJ PE=1 SV=1;Histone H2A type 1-D OS=Homo sapiens OX=9606 GN=H2AC7 PE=1 SV=2|sp|P20671|H2A1D_HUMAN Histone H2A type 1-D OS=Homo sapiens OX=9606 GN=H2AC7 PE=1 SV=2|sp|P20671|H2A1D_HUMAN Histone H2A type 1-D OS=Homo sapiens OX=9606 GN=H2AC7 PE=1 SV=2;Histone H2A type 1 OS=Homo sapiens OX=9606 GN=H2AC11 PE=1 SV=2|sp|P0C0S8|H2A1_HUMAN Histone H2A type 1 OS=Homo sapiens OX=9606 GN=H2AC11 PE=1 SV=2|sp|P0C0S8|H2A1_HUMAN Histone H2A type 1 OS=Homo sapiens OX=9606 GN=H2AC11 PE=1 SV=2;Histone H2A type 2-A OS=Homo sapiens OX=9606 GN=H2AC18 PE=1 SV=3|sp|Q6FI13|H2A2A_HUMAN Histone H2A type 2-A OS=Homo sapiens OX=9606 GN=H2AC18 PE=1 SV=3|sp|Q6FI13|H2A2A_HUMAN Histone H2A type 2-A OS=Homo sapiens OX=9606 GN=H2AC18 PE=1 SV=3
